INSERT INTO [Categorie] ([Categoria]) VALUES ('Base');
INSERT INTO [Categorie] ([Categoria]) VALUES ('Carni');
INSERT INTO [Categorie] ([Categoria]) VALUES ('Formaggi & latticini');
INSERT INTO [Categorie] ([Categoria]) VALUES ('Pesce');
INSERT INTO [Categorie] ([Categoria]) VALUES ('Vari');
INSERT INTO [Categorie] ([Categoria]) VALUES ('Verdure & ortaggi');
INSERT INTO [Pizze] ([Nome], [Descrizione], [ID], [Foto]) VALUES ('Marinara', 'Il nome di questa pizza deriva dal fatto che poteva essere facilmente preparata dai marinai, vista la facilità di conservazione degli ingredienti. ', 1, null);
INSERT INTO [Pizze] ([Nome], [Descrizione], [ID], [Foto]) VALUES ('Margherita', 'Tradizione vuole che il nome di questa pizza sia stato dato per onorare la regina di Italia, Margherita di Savoia. ', 2, 'android.resource://com.asdamp.smartpizza/raw/margherita');
INSERT INTO [Pizze] ([Nome], [Descrizione], [ID], [Foto]) VALUES ('Napoletana', '', 3, null);
INSERT INTO [Pizze] ([Nome], [Descrizione], [ID], [Foto]) VALUES ('Regina', '', 4, null);
INSERT INTO [Pizze] ([Nome], [Descrizione], [ID], [Foto]) VALUES ('Funghi', '', 5, null);
INSERT INTO [Pizze] ([Nome], [Descrizione], [ID], [Foto]) VALUES ('Wurstel', '', 6, 'android.resource://com.asdamp.smartpizza/raw/wurstel');
INSERT INTO [Pizze] ([Nome], [Descrizione], [ID], [Foto]) VALUES ('Sfizio', '', 7, null);
INSERT INTO [Pizze] ([Nome], [Descrizione], [ID], [Foto]) VALUES ('Ortolana ', '', 8, null);
INSERT INTO [Pizze] ([Nome], [Descrizione], [ID], [Foto]) VALUES ('Pizzicotto', '', 9, null);
INSERT INTO [Pizze] ([Nome], [Descrizione], [ID], [Foto]) VALUES ('Parmigiana', '', 10, null);
INSERT INTO [Pizze] ([Nome], [Descrizione], [ID], [Foto]) VALUES ('Del pastore', '', 11, null);
INSERT INTO [Pizze] ([Nome], [Descrizione], [ID], [Foto]) VALUES ('4 stagioni', '', 12, 'android.resource://com.asdamp.smartpizza/raw/quattrostagioni');
INSERT INTO [Pizze] ([Nome], [Descrizione], [ID], [Foto]) VALUES ('Siciliana', '', 13, null);
INSERT INTO [Pizze] ([Nome], [Descrizione], [ID], [Foto]) VALUES ('Diavola', '', 14, 'android.resource://com.asdamp.smartpizza/raw/diavola');
INSERT INTO [Pizze] ([Nome], [Descrizione], [ID], [Foto]) VALUES ('Capricciosa', '', 15, null);
INSERT INTO [Pizze] ([Nome], [Descrizione], [ID], [Foto]) VALUES ('Maialona', '', 16, null);
INSERT INTO [Pizze] ([Nome], [Descrizione], [ID], [Foto]) VALUES ('Bufalina', '', 17, null);
INSERT INTO [Pizze] ([Nome], [Descrizione], [ID], [Foto]) VALUES ('Reale', '', 18, null);
INSERT INTO [Pizze] ([Nome], [Descrizione], [ID], [Foto]) VALUES ('Scoglio', '', 19, null);
INSERT INTO [Pizze] ([Nome], [Descrizione], [ID], [Foto]) VALUES ('4 formaggi', '', 20, null);
INSERT INTO [Pizze] ([Nome], [Descrizione], [ID], [Foto]) VALUES ('Duchessa', '', 21, null);
INSERT INTO [Pizze] ([Nome], [Descrizione], [ID], [Foto]) VALUES ('Monte Bianco', '', 22, null);
INSERT INTO [Pizze] ([Nome], [Descrizione], [ID], [Foto]) VALUES ('Panna e prosciutto', '', 23, null);
INSERT INTO [Pizze] ([Nome], [Descrizione], [ID], [Foto]) VALUES ('Dessert', '', 24, null);
INSERT INTO [Pizze] ([Nome], [Descrizione], [ID], [Foto]) VALUES ('Wurstel e patatine', '', 25, null);
INSERT INTO [Pizze] ([Nome], [Descrizione], [ID], [Foto]) VALUES ('Altavalle', '', 26, null);
INSERT INTO [Pizze] ([Nome], [Descrizione], [ID], [Foto]) VALUES ('Montanara', '', 27, null);
INSERT INTO [Pizze] ([Nome], [Descrizione], [ID], [Foto]) VALUES ('Peter pan ', '', 28, null);
INSERT INTO [Pizze] ([Nome], [Descrizione], [ID], [Foto]) VALUES ('San Valentino ', '', 29, null);
INSERT INTO [Pizze] ([Nome], [Descrizione], [ID], [Foto]) VALUES ('Vegetariana', '', 30, null);
INSERT INTO [Pizze] ([Nome], [Descrizione], [ID], [Foto]) VALUES ('Parmigiana', '', 31, null);
INSERT INTO [Pizze] ([Nome], [Descrizione], [ID], [Foto]) VALUES ('Tonno e cipolla', '', 32, null);
INSERT INTO [Pizze] ([Nome], [Descrizione], [ID], [Foto]) VALUES ('Poseidone', '', 33, null);
INSERT INTO [Pizze] ([Nome], [Descrizione], [ID], [Foto]) VALUES ('4 gusti', '', 34, null);
INSERT INTO [Pizze] ([Nome], [Descrizione], [ID], [Foto]) VALUES ('Autunno', '', 35, null);
INSERT INTO [Pizze] ([Nome], [Descrizione], [ID], [Foto]) VALUES ('Vivaldi', '', 36, null);
INSERT INTO [Pizze] ([Nome], [Descrizione], [ID], [Foto]) VALUES ('Valdostana', '', 37, null);
INSERT INTO [Pizze] ([Nome], [Descrizione], [ID], [Foto]) VALUES ('Inferno', '', 38, null);
INSERT INTO [Pizze] ([Nome], [Descrizione], [ID], [Foto]) VALUES ('Salmone', '', 39, null);
INSERT INTO [Pizze] ([Nome], [Descrizione], [ID], [Foto]) VALUES ('Sirenetta', '', 40, null);
INSERT INTO [Pizze] ([Nome], [Descrizione], [ID], [Foto]) VALUES ('Tonnata', '', 41, null);
INSERT INTO [Pizze] ([Nome], [Descrizione], [ID], [Foto]) VALUES ('Chef', '', 42, null);
INSERT INTO [Pizze] ([Nome], [Descrizione], [ID], [Foto]) VALUES ('Don Antonio', '', 43, 'android.resource://com.asdamp.smartpizza/raw/donantonio');
INSERT INTO [Pizze] ([Nome], [Descrizione], [ID], [Foto]) VALUES ('Diavola boscaiola', '', 44, 'android.resource://com.asdamp.smartpizza/raw/diavolaboscaiola');
INSERT INTO [Pizze] ([Nome], [Descrizione], [ID], [Foto]) VALUES ('Capricciosa light', '', 45, 'android.resource://com.asdamp.smartpizza/raw/capricciosalight');
INSERT INTO [Pizze] ([Nome], [Descrizione], [ID], [Foto]) VALUES ('Marinara con alici', '', 46, null);
INSERT INTO [Ingredienti] ([Ingrediente], [Categoria]) VALUES ('pomodoro', 'Base');
INSERT INTO [Ingredienti] ([Ingrediente], [Categoria]) VALUES ('mozzarella', 'Base');
INSERT INTO [Ingredienti] ([Ingrediente], [Categoria]) VALUES ('olio', 'Vari');
INSERT INTO [Ingredienti] ([Ingrediente], [Categoria]) VALUES ('origano', 'Vari');
INSERT INTO [Ingredienti] ([Ingrediente], [Categoria]) VALUES ('acciughe', 'Pesce');
INSERT INTO [Ingredienti] ([Ingrediente], [Categoria]) VALUES ('pomodorini', 'Verdure & ortaggi');
INSERT INTO [Ingredienti] ([Ingrediente], [Categoria]) VALUES ('basilico', 'Vari');
INSERT INTO [Ingredienti] ([Ingrediente], [Categoria]) VALUES ('funghi', 'Vari');
INSERT INTO [Ingredienti] ([Ingrediente], [Categoria]) VALUES ('wurstel', 'Carni');
INSERT INTO [Ingredienti] ([Ingrediente], [Categoria]) VALUES ('spianata piccante', 'Carni');
INSERT INTO [Ingredienti] ([Ingrediente], [Categoria]) VALUES ('melanzane', 'Verdure & ortaggi');
INSERT INTO [Ingredienti] ([Ingrediente], [Categoria]) VALUES ('carciofi', 'Verdure & ortaggi');
INSERT INTO [Ingredienti] ([Ingrediente], [Categoria]) VALUES ('prosciutto cotto', 'Carni');
INSERT INTO [Ingredienti] ([Ingrediente], [Categoria]) VALUES ('prosciutto crudo', 'Carni');
INSERT INTO [Ingredienti] ([Ingrediente], [Categoria]) VALUES ('grana', 'Formaggi & latticini');
INSERT INTO [Ingredienti] ([Ingrediente], [Categoria]) VALUES ('pecorino', 'Formaggi & latticini');
INSERT INTO [Ingredienti] ([Ingrediente], [Categoria]) VALUES ('pancetta', 'Carni');
INSERT INTO [Ingredienti] ([Ingrediente], [Categoria]) VALUES ('olive', 'Vari');
INSERT INTO [Ingredienti] ([Ingrediente], [Categoria]) VALUES ('tonno', 'Pesce');
INSERT INTO [Ingredienti] ([Ingrediente], [Categoria]) VALUES ('cipolla', 'Verdure & ortaggi');
INSERT INTO [Ingredienti] ([Ingrediente], [Categoria]) VALUES ('zucchine', 'Verdure & ortaggi');
INSERT INTO [Ingredienti] ([Ingrediente], [Categoria]) VALUES ('salsiccia fresca', 'Carni');
INSERT INTO [Ingredienti] ([Ingrediente], [Categoria]) VALUES ('mozzarella di bufala', 'Formaggi & latticini');
INSERT INTO [Ingredienti] ([Ingrediente], [Categoria]) VALUES ('frutti di mare', 'Pesce');
INSERT INTO [Ingredienti] ([Ingrediente], [Categoria]) VALUES ('speak', 'Carni');
INSERT INTO [Ingredienti] ([Ingrediente], [Categoria]) VALUES ('provola affumicata', 'Formaggi & latticini');
INSERT INTO [Ingredienti] ([Ingrediente], [Categoria]) VALUES ('salame', 'Carni');
INSERT INTO [Ingredienti] ([Ingrediente], [Categoria]) VALUES ('patatine', 'Vari');
INSERT INTO [Ingredienti] ([Ingrediente], [Categoria]) VALUES ('ricotta', 'Formaggi & latticini');
INSERT INTO [Ingredienti] ([Ingrediente], [Categoria]) VALUES ('gorgonzola', 'Formaggi & latticini');
INSERT INTO [Ingredienti] ([Ingrediente], [Categoria]) VALUES ('asparagi', 'Verdure & ortaggi');
INSERT INTO [Ingredienti] ([Ingrediente], [Categoria]) VALUES ('panna', 'Formaggi & latticini');
INSERT INTO [Ingredienti] ([Ingrediente], [Categoria]) VALUES ('peperoni', 'Verdure & ortaggi');
INSERT INTO [Ingredienti] ([Ingrediente], [Categoria]) VALUES ('salmone', 'Pesce');
INSERT INTO [Ingredienti] ([Ingrediente], [Categoria]) VALUES ('gamberetti', 'Pesce');
INSERT INTO [Ingredienti] ([Ingrediente], [Categoria]) VALUES ('rucola', 'Verdure & ortaggi');
INSERT INTO [Ingredienti] ([Ingrediente], [Categoria]) VALUES ('nutella', 'Vari');
INSERT INTO [Ingredienti] ([Ingrediente], [Categoria]) VALUES ('zucchero a velo', 'Vari');
INSERT INTO [Ingredienti] ([Ingrediente], [Categoria]) VALUES ('salame piccante', 'Carni');
INSERT INTO [Ingredienti] ([Ingrediente], [Categoria]) VALUES ('radicchio', 'Verdure & ortaggi');
INSERT INTO [Ingredienti] ([Ingrediente], [Categoria]) VALUES ('fontina', 'Formaggi & latticini');
INSERT INTO [Ingredienti] ([Ingrediente], [Categoria]) VALUES ('patate al forno', 'Vari');
INSERT INTO [Ingredienti] ([Ingrediente], [Categoria]) VALUES ('bresaola', 'Carni');
INSERT INTO [Ingredienti] ([Ingrediente], [Categoria]) VALUES ('aglio', 'Vari');
INSERT INTO [Ingredienti] ([Ingrediente], [Categoria]) VALUES ('uovo sodo', 'Vari');
INSERT INTO [Ingredienti] ([Ingrediente], [Categoria]) VALUES ('porcini', 'Vari');
INSERT INTO [Ingredienti] ([Ingrediente], [Categoria]) VALUES ('maionese', 'Vari');
INSERT INTO [Ingredienti] ([Ingrediente], [Categoria]) VALUES ('emmenthal', 'Formaggi & latticini');
INSERT INTO [Ingredienti] ([Ingrediente], [Categoria]) VALUES ('provola', 'Formaggi & latticini');
INSERT INTO [Ingredienti] ([Ingrediente], [Categoria]) VALUES ('polpa di granchio', 'Pesce');
INSERT INTO [Ingredienti] ([Ingrediente], [Categoria]) VALUES ('capperi', 'Vari');
INSERT INTO [Ingredienti] ([Ingrediente], [Categoria]) VALUES ('alici', 'Pesce');
INSERT INTO [IngredientiPizza] ([Pizza], [Ingrediente]) VALUES (1, 'aglio');
INSERT INTO [IngredientiPizza] ([Pizza], [Ingrediente]) VALUES (1, 'mozzarella');
INSERT INTO [IngredientiPizza] ([Pizza], [Ingrediente]) VALUES (1, 'olio');
INSERT INTO [IngredientiPizza] ([Pizza], [Ingrediente]) VALUES (1, 'origano');
INSERT INTO [IngredientiPizza] ([Pizza], [Ingrediente]) VALUES (1, 'pomodoro');
INSERT INTO [IngredientiPizza] ([Pizza], [Ingrediente]) VALUES (2, 'mozzarella');
INSERT INTO [IngredientiPizza] ([Pizza], [Ingrediente]) VALUES (2, 'pomodoro');
INSERT INTO [IngredientiPizza] ([Pizza], [Ingrediente]) VALUES (3, 'acciughe');
INSERT INTO [IngredientiPizza] ([Pizza], [Ingrediente]) VALUES (3, 'mozzarella');
INSERT INTO [IngredientiPizza] ([Pizza], [Ingrediente]) VALUES (3, 'origano');
INSERT INTO [IngredientiPizza] ([Pizza], [Ingrediente]) VALUES (3, 'pomodoro');
INSERT INTO [IngredientiPizza] ([Pizza], [Ingrediente]) VALUES (4, 'basilico');
INSERT INTO [IngredientiPizza] ([Pizza], [Ingrediente]) VALUES (4, 'mozzarella');
INSERT INTO [IngredientiPizza] ([Pizza], [Ingrediente]) VALUES (4, 'origano');
INSERT INTO [IngredientiPizza] ([Pizza], [Ingrediente]) VALUES (4, 'pomodorini');
INSERT INTO [IngredientiPizza] ([Pizza], [Ingrediente]) VALUES (4, 'pomodoro');
INSERT INTO [IngredientiPizza] ([Pizza], [Ingrediente]) VALUES (5, 'funghi');
INSERT INTO [IngredientiPizza] ([Pizza], [Ingrediente]) VALUES (5, 'mozzarella');
INSERT INTO [IngredientiPizza] ([Pizza], [Ingrediente]) VALUES (5, 'pomodoro');
INSERT INTO [IngredientiPizza] ([Pizza], [Ingrediente]) VALUES (6, 'mozzarella');
INSERT INTO [IngredientiPizza] ([Pizza], [Ingrediente]) VALUES (6, 'pomodoro');
INSERT INTO [IngredientiPizza] ([Pizza], [Ingrediente]) VALUES (6, 'wurstel');
INSERT INTO [IngredientiPizza] ([Pizza], [Ingrediente]) VALUES (7, 'basilico');
INSERT INTO [IngredientiPizza] ([Pizza], [Ingrediente]) VALUES (7, 'mozzarella');
INSERT INTO [IngredientiPizza] ([Pizza], [Ingrediente]) VALUES (7, 'pomodorini');
INSERT INTO [IngredientiPizza] ([Pizza], [Ingrediente]) VALUES (7, 'pomodoro');
INSERT INTO [IngredientiPizza] ([Pizza], [Ingrediente]) VALUES (7, 'spianata piccante');
INSERT INTO [IngredientiPizza] ([Pizza], [Ingrediente]) VALUES (8, 'carciofi');
INSERT INTO [IngredientiPizza] ([Pizza], [Ingrediente]) VALUES (8, 'melanzane');
INSERT INTO [IngredientiPizza] ([Pizza], [Ingrediente]) VALUES (8, 'mozzarella');
INSERT INTO [IngredientiPizza] ([Pizza], [Ingrediente]) VALUES (8, 'pomodoro');
INSERT INTO [IngredientiPizza] ([Pizza], [Ingrediente]) VALUES (8, 'zucchine');
INSERT INTO [IngredientiPizza] ([Pizza], [Ingrediente]) VALUES (9, 'funghi');
INSERT INTO [IngredientiPizza] ([Pizza], [Ingrediente]) VALUES (9, 'mozzarella');
INSERT INTO [IngredientiPizza] ([Pizza], [Ingrediente]) VALUES (9, 'pomodoro');
INSERT INTO [IngredientiPizza] ([Pizza], [Ingrediente]) VALUES (9, 'prosciutto cotto');
INSERT INTO [IngredientiPizza] ([Pizza], [Ingrediente]) VALUES (10, 'basilico');
INSERT INTO [IngredientiPizza] ([Pizza], [Ingrediente]) VALUES (10, 'grana');
INSERT INTO [IngredientiPizza] ([Pizza], [Ingrediente]) VALUES (10, 'melanzane');
INSERT INTO [IngredientiPizza] ([Pizza], [Ingrediente]) VALUES (10, 'mozzarella');
INSERT INTO [IngredientiPizza] ([Pizza], [Ingrediente]) VALUES (10, 'pomodoro');
INSERT INTO [IngredientiPizza] ([Pizza], [Ingrediente]) VALUES (11, 'mozzarella');
INSERT INTO [IngredientiPizza] ([Pizza], [Ingrediente]) VALUES (11, 'origano');
INSERT INTO [IngredientiPizza] ([Pizza], [Ingrediente]) VALUES (11, 'pancetta');
INSERT INTO [IngredientiPizza] ([Pizza], [Ingrediente]) VALUES (11, 'pecorino');
INSERT INTO [IngredientiPizza] ([Pizza], [Ingrediente]) VALUES (11, 'pomodoro');
INSERT INTO [IngredientiPizza] ([Pizza], [Ingrediente]) VALUES (12, 'carciofi');
INSERT INTO [IngredientiPizza] ([Pizza], [Ingrediente]) VALUES (12, 'funghi');
INSERT INTO [IngredientiPizza] ([Pizza], [Ingrediente]) VALUES (12, 'mozzarella');
INSERT INTO [IngredientiPizza] ([Pizza], [Ingrediente]) VALUES (12, 'olive');
INSERT INTO [IngredientiPizza] ([Pizza], [Ingrediente]) VALUES (12, 'pomodoro');
INSERT INTO [IngredientiPizza] ([Pizza], [Ingrediente]) VALUES (12, 'prosciutto cotto');
INSERT INTO [IngredientiPizza] ([Pizza], [Ingrediente]) VALUES (13, 'cipolla');
INSERT INTO [IngredientiPizza] ([Pizza], [Ingrediente]) VALUES (13, 'mozzarella');
INSERT INTO [IngredientiPizza] ([Pizza], [Ingrediente]) VALUES (13, 'olive');
INSERT INTO [IngredientiPizza] ([Pizza], [Ingrediente]) VALUES (13, 'pomodoro');
INSERT INTO [IngredientiPizza] ([Pizza], [Ingrediente]) VALUES (13, 'tonno');
INSERT INTO [IngredientiPizza] ([Pizza], [Ingrediente]) VALUES (14, 'mozzarella');
INSERT INTO [IngredientiPizza] ([Pizza], [Ingrediente]) VALUES (14, 'pomodoro');
INSERT INTO [IngredientiPizza] ([Pizza], [Ingrediente]) VALUES (14, 'salame piccante');
INSERT INTO [IngredientiPizza] ([Pizza], [Ingrediente]) VALUES (15, 'carciofi');
INSERT INTO [IngredientiPizza] ([Pizza], [Ingrediente]) VALUES (15, 'funghi');
INSERT INTO [IngredientiPizza] ([Pizza], [Ingrediente]) VALUES (15, 'mozzarella');
INSERT INTO [IngredientiPizza] ([Pizza], [Ingrediente]) VALUES (15, 'olive');
INSERT INTO [IngredientiPizza] ([Pizza], [Ingrediente]) VALUES (15, 'pomodoro');
INSERT INTO [IngredientiPizza] ([Pizza], [Ingrediente]) VALUES (15, 'prosciutto cotto');
INSERT INTO [IngredientiPizza] ([Pizza], [Ingrediente]) VALUES (15, 'uovo sodo');
INSERT INTO [IngredientiPizza] ([Pizza], [Ingrediente]) VALUES (16, 'mozzarella');
INSERT INTO [IngredientiPizza] ([Pizza], [Ingrediente]) VALUES (16, 'pomodoro');
INSERT INTO [IngredientiPizza] ([Pizza], [Ingrediente]) VALUES (16, 'prosciutto cotto');
INSERT INTO [IngredientiPizza] ([Pizza], [Ingrediente]) VALUES (16, 'salame');
INSERT INTO [IngredientiPizza] ([Pizza], [Ingrediente]) VALUES (16, 'salsiccia fresca');
INSERT INTO [IngredientiPizza] ([Pizza], [Ingrediente]) VALUES (16, 'wurstel');
INSERT INTO [IngredientiPizza] ([Pizza], [Ingrediente]) VALUES (17, 'basilico');
INSERT INTO [IngredientiPizza] ([Pizza], [Ingrediente]) VALUES (17, 'mozzarella di bufala');
INSERT INTO [IngredientiPizza] ([Pizza], [Ingrediente]) VALUES (17, 'pomodorini');
INSERT INTO [IngredientiPizza] ([Pizza], [Ingrediente]) VALUES (17, 'pomodoro');
INSERT INTO [IngredientiPizza] ([Pizza], [Ingrediente]) VALUES (18, 'mozzarella');
INSERT INTO [IngredientiPizza] ([Pizza], [Ingrediente]) VALUES (18, 'pomodoro');
INSERT INTO [IngredientiPizza] ([Pizza], [Ingrediente]) VALUES (18, 'provola affumicata');
INSERT INTO [IngredientiPizza] ([Pizza], [Ingrediente]) VALUES (18, 'speak');
INSERT INTO [IngredientiPizza] ([Pizza], [Ingrediente]) VALUES (19, 'frutti di mare');
INSERT INTO [IngredientiPizza] ([Pizza], [Ingrediente]) VALUES (19, 'mozzarella');
INSERT INTO [IngredientiPizza] ([Pizza], [Ingrediente]) VALUES (19, 'pomodoro');
INSERT INTO [IngredientiPizza] ([Pizza], [Ingrediente]) VALUES (20, 'emmenthal');
INSERT INTO [IngredientiPizza] ([Pizza], [Ingrediente]) VALUES (20, 'fontina');
INSERT INTO [IngredientiPizza] ([Pizza], [Ingrediente]) VALUES (20, 'gorgonzola');
INSERT INTO [IngredientiPizza] ([Pizza], [Ingrediente]) VALUES (20, 'provola');
INSERT INTO [IngredientiPizza] ([Pizza], [Ingrediente]) VALUES (21, 'mozzarella');
INSERT INTO [IngredientiPizza] ([Pizza], [Ingrediente]) VALUES (21, 'patatine');
INSERT INTO [IngredientiPizza] ([Pizza], [Ingrediente]) VALUES (21, 'prosciutto cotto');
INSERT INTO [IngredientiPizza] ([Pizza], [Ingrediente]) VALUES (22, 'mozzarella');
INSERT INTO [IngredientiPizza] ([Pizza], [Ingrediente]) VALUES (22, 'pancetta');
INSERT INTO [IngredientiPizza] ([Pizza], [Ingrediente]) VALUES (22, 'ricotta');
INSERT INTO [IngredientiPizza] ([Pizza], [Ingrediente]) VALUES (23, 'mozzarella');
INSERT INTO [IngredientiPizza] ([Pizza], [Ingrediente]) VALUES (23, 'panna');
INSERT INTO [IngredientiPizza] ([Pizza], [Ingrediente]) VALUES (23, 'prosciutto cotto');
INSERT INTO [IngredientiPizza] ([Pizza], [Ingrediente]) VALUES (24, 'nutella');
INSERT INTO [IngredientiPizza] ([Pizza], [Ingrediente]) VALUES (24, 'zucchero a velo');
INSERT INTO [IngredientiPizza] ([Pizza], [Ingrediente]) VALUES (25, 'mozzarella');
INSERT INTO [IngredientiPizza] ([Pizza], [Ingrediente]) VALUES (25, 'patatine');
INSERT INTO [IngredientiPizza] ([Pizza], [Ingrediente]) VALUES (25, 'pomodoro');
INSERT INTO [IngredientiPizza] ([Pizza], [Ingrediente]) VALUES (25, 'wurstel');
INSERT INTO [IngredientiPizza] ([Pizza], [Ingrediente]) VALUES (26, 'bresaola');
INSERT INTO [IngredientiPizza] ([Pizza], [Ingrediente]) VALUES (26, 'funghi');
INSERT INTO [IngredientiPizza] ([Pizza], [Ingrediente]) VALUES (26, 'mozzarella');
INSERT INTO [IngredientiPizza] ([Pizza], [Ingrediente]) VALUES (26, 'pomodoro');
INSERT INTO [IngredientiPizza] ([Pizza], [Ingrediente]) VALUES (27, 'mozzarella');
INSERT INTO [IngredientiPizza] ([Pizza], [Ingrediente]) VALUES (27, 'pomodoro');
INSERT INTO [IngredientiPizza] ([Pizza], [Ingrediente]) VALUES (27, 'porcini');
INSERT INTO [IngredientiPizza] ([Pizza], [Ingrediente]) VALUES (27, 'prosciutto crudo');
INSERT INTO [IngredientiPizza] ([Pizza], [Ingrediente]) VALUES (28, 'mozzarella');
INSERT INTO [IngredientiPizza] ([Pizza], [Ingrediente]) VALUES (28, 'olive');
INSERT INTO [IngredientiPizza] ([Pizza], [Ingrediente]) VALUES (28, 'pomodoro');
INSERT INTO [IngredientiPizza] ([Pizza], [Ingrediente]) VALUES (28, 'prosciutto cotto');
INSERT INTO [IngredientiPizza] ([Pizza], [Ingrediente]) VALUES (28, 'wurstel');
INSERT INTO [IngredientiPizza] ([Pizza], [Ingrediente]) VALUES (29, 'maionese');
INSERT INTO [IngredientiPizza] ([Pizza], [Ingrediente]) VALUES (29, 'mozzarella');
INSERT INTO [IngredientiPizza] ([Pizza], [Ingrediente]) VALUES (29, 'pomodoro');
INSERT INTO [IngredientiPizza] ([Pizza], [Ingrediente]) VALUES (29, 'prosciutto cotto');
INSERT INTO [IngredientiPizza] ([Pizza], [Ingrediente]) VALUES (29, 'rucola');
INSERT INTO [IngredientiPizza] ([Pizza], [Ingrediente]) VALUES (30, 'melanzane');
INSERT INTO [IngredientiPizza] ([Pizza], [Ingrediente]) VALUES (30, 'mozzarella');
INSERT INTO [IngredientiPizza] ([Pizza], [Ingrediente]) VALUES (30, 'peperoni');
INSERT INTO [IngredientiPizza] ([Pizza], [Ingrediente]) VALUES (30, 'pomodorini');
INSERT INTO [IngredientiPizza] ([Pizza], [Ingrediente]) VALUES (30, 'pomodoro');
INSERT INTO [IngredientiPizza] ([Pizza], [Ingrediente]) VALUES (30, 'zucchine');
INSERT INTO [IngredientiPizza] ([Pizza], [Ingrediente]) VALUES (31, 'grana');
INSERT INTO [IngredientiPizza] ([Pizza], [Ingrediente]) VALUES (31, 'melanzane');
INSERT INTO [IngredientiPizza] ([Pizza], [Ingrediente]) VALUES (31, 'mozzarella');
INSERT INTO [IngredientiPizza] ([Pizza], [Ingrediente]) VALUES (31, 'pomodoro');
INSERT INTO [IngredientiPizza] ([Pizza], [Ingrediente]) VALUES (32, 'cipolla');
INSERT INTO [IngredientiPizza] ([Pizza], [Ingrediente]) VALUES (32, 'mozzarella');
INSERT INTO [IngredientiPizza] ([Pizza], [Ingrediente]) VALUES (32, 'pomodoro');
INSERT INTO [IngredientiPizza] ([Pizza], [Ingrediente]) VALUES (32, 'tonno');
INSERT INTO [IngredientiPizza] ([Pizza], [Ingrediente]) VALUES (33, 'gamberetti');
INSERT INTO [IngredientiPizza] ([Pizza], [Ingrediente]) VALUES (33, 'mozzarella');
INSERT INTO [IngredientiPizza] ([Pizza], [Ingrediente]) VALUES (33, 'pomodoro');
INSERT INTO [IngredientiPizza] ([Pizza], [Ingrediente]) VALUES (33, 'salmone');
INSERT INTO [IngredientiPizza] ([Pizza], [Ingrediente]) VALUES (34, 'carciofi');
INSERT INTO [IngredientiPizza] ([Pizza], [Ingrediente]) VALUES (34, 'funghi');
INSERT INTO [IngredientiPizza] ([Pizza], [Ingrediente]) VALUES (34, 'mozzarella');
INSERT INTO [IngredientiPizza] ([Pizza], [Ingrediente]) VALUES (34, 'pomodoro');
INSERT INTO [IngredientiPizza] ([Pizza], [Ingrediente]) VALUES (34, 'prosciutto crudo');
INSERT INTO [IngredientiPizza] ([Pizza], [Ingrediente]) VALUES (34, 'wurstel');
INSERT INTO [IngredientiPizza] ([Pizza], [Ingrediente]) VALUES (35, 'mozzarella');
INSERT INTO [IngredientiPizza] ([Pizza], [Ingrediente]) VALUES (35, 'panna');
INSERT INTO [IngredientiPizza] ([Pizza], [Ingrediente]) VALUES (35, 'pomodoro');
INSERT INTO [IngredientiPizza] ([Pizza], [Ingrediente]) VALUES (35, 'wurstel');
INSERT INTO [IngredientiPizza] ([Pizza], [Ingrediente]) VALUES (36, 'bresaola');
INSERT INTO [IngredientiPizza] ([Pizza], [Ingrediente]) VALUES (36, 'grana');
INSERT INTO [IngredientiPizza] ([Pizza], [Ingrediente]) VALUES (36, 'mozzarella');
INSERT INTO [IngredientiPizza] ([Pizza], [Ingrediente]) VALUES (36, 'pomodoro');
INSERT INTO [IngredientiPizza] ([Pizza], [Ingrediente]) VALUES (36, 'rucola');
INSERT INTO [IngredientiPizza] ([Pizza], [Ingrediente]) VALUES (37, 'fontina');
INSERT INTO [IngredientiPizza] ([Pizza], [Ingrediente]) VALUES (37, 'mozzarella');
INSERT INTO [IngredientiPizza] ([Pizza], [Ingrediente]) VALUES (37, 'pomodoro');
INSERT INTO [IngredientiPizza] ([Pizza], [Ingrediente]) VALUES (37, 'prosciutto cotto');
INSERT INTO [IngredientiPizza] ([Pizza], [Ingrediente]) VALUES (38, 'funghi');
INSERT INTO [IngredientiPizza] ([Pizza], [Ingrediente]) VALUES (38, 'mozzarella');
INSERT INTO [IngredientiPizza] ([Pizza], [Ingrediente]) VALUES (38, 'pomodoro');
INSERT INTO [IngredientiPizza] ([Pizza], [Ingrediente]) VALUES (38, 'salame piccante');
INSERT INTO [IngredientiPizza] ([Pizza], [Ingrediente]) VALUES (39, 'mozzarella');
INSERT INTO [IngredientiPizza] ([Pizza], [Ingrediente]) VALUES (39, 'panna');
INSERT INTO [IngredientiPizza] ([Pizza], [Ingrediente]) VALUES (39, 'pomodoro');
INSERT INTO [IngredientiPizza] ([Pizza], [Ingrediente]) VALUES (39, 'provola');
INSERT INTO [IngredientiPizza] ([Pizza], [Ingrediente]) VALUES (39, 'salmone');
INSERT INTO [IngredientiPizza] ([Pizza], [Ingrediente]) VALUES (40, 'mozzarella');
INSERT INTO [IngredientiPizza] ([Pizza], [Ingrediente]) VALUES (40, 'polpa di granchio');
INSERT INTO [IngredientiPizza] ([Pizza], [Ingrediente]) VALUES (40, 'pomodoro');
INSERT INTO [IngredientiPizza] ([Pizza], [Ingrediente]) VALUES (40, 'rucola');
INSERT INTO [IngredientiPizza] ([Pizza], [Ingrediente]) VALUES (41, 'basilico');
INSERT INTO [IngredientiPizza] ([Pizza], [Ingrediente]) VALUES (41, 'capperi');
INSERT INTO [IngredientiPizza] ([Pizza], [Ingrediente]) VALUES (41, 'olive');
INSERT INTO [IngredientiPizza] ([Pizza], [Ingrediente]) VALUES (41, 'pomodoro');
INSERT INTO [IngredientiPizza] ([Pizza], [Ingrediente]) VALUES (41, 'tonno');
INSERT INTO [IngredientiPizza] ([Pizza], [Ingrediente]) VALUES (42, 'funghi');
INSERT INTO [IngredientiPizza] ([Pizza], [Ingrediente]) VALUES (42, 'mozzarella');
INSERT INTO [IngredientiPizza] ([Pizza], [Ingrediente]) VALUES (42, 'panna');
INSERT INTO [IngredientiPizza] ([Pizza], [Ingrediente]) VALUES (42, 'prosciutto cotto');
INSERT INTO [IngredientiPizza] ([Pizza], [Ingrediente]) VALUES (43, 'grana');
INSERT INTO [IngredientiPizza] ([Pizza], [Ingrediente]) VALUES (43, 'mozzarella');
INSERT INTO [IngredientiPizza] ([Pizza], [Ingrediente]) VALUES (43, 'pomodoro');
INSERT INTO [IngredientiPizza] ([Pizza], [Ingrediente]) VALUES (43, 'prosciutto crudo');
INSERT INTO [IngredientiPizza] ([Pizza], [Ingrediente]) VALUES (43, 'rucola');
INSERT INTO [IngredientiPizza] ([Pizza], [Ingrediente]) VALUES (44, 'funghi');
INSERT INTO [IngredientiPizza] ([Pizza], [Ingrediente]) VALUES (44, 'mozzarella');
INSERT INTO [IngredientiPizza] ([Pizza], [Ingrediente]) VALUES (44, 'pomodoro');
INSERT INTO [IngredientiPizza] ([Pizza], [Ingrediente]) VALUES (44, 'salame piccante');
INSERT INTO [IngredientiPizza] ([Pizza], [Ingrediente]) VALUES (45, 'funghi');
INSERT INTO [IngredientiPizza] ([Pizza], [Ingrediente]) VALUES (45, 'mozzarella');
INSERT INTO [IngredientiPizza] ([Pizza], [Ingrediente]) VALUES (45, 'olive');
INSERT INTO [IngredientiPizza] ([Pizza], [Ingrediente]) VALUES (45, 'pomodoro');
INSERT INTO [IngredientiPizza] ([Pizza], [Ingrediente]) VALUES (45, 'prosciutto cotto');
INSERT INTO [IngredientiPizza] ([Pizza], [Ingrediente]) VALUES (46, 'alici');
INSERT INTO [IngredientiPizza] ([Pizza], [Ingrediente]) VALUES (46, 'olio');
INSERT INTO [IngredientiPizza] ([Pizza], [Ingrediente]) VALUES (46, 'origano');
INSERT INTO [IngredientiPizza] ([Pizza], [Ingrediente]) VALUES (46, 'pomodoro');
